{
    "name": "M3GNet",
    "metadata": {
        "data_mean": 0,
        "data_std": 0.389599794401098,
        "element_refs": [
            -3.47784146,
            -0.54570321,
            -3.48468882,
            -4.78514743,
            -8.02427714,
            -8.41993537,
            -7.74294567,
            -7.38535712,
            -4.94575169,
            -0.03200176,
            -2.5281101,
            -2.15635732,
            -5.19155831,
            -8.04530034,
            -6.92397975,
            -4.64594672,
            -3.0376327,
            -0.06279714,
            -2.47158168,
            -4.84934248,
            -8.01304186,
            -11.44988214,
            -8.90368996,
            -8.48422385,
            -8.14817511,
            -6.57528915,
            -5.24319289,
            -4.51253748,
            -3.26041298,
            -1.33942309,
            -3.59415256,
            -4.67121237,
            -4.20286103,
            -3.8776693,
            -2.83668019,
            6.39608044,
            -2.38081372,
            -4.36853011,
            -10.28721538,
            -11.68697132,
            -11.85485114,
            -8.79129339,
            -9.4741431,
            -7.61327539,
            -6.44628915,
            -4.99149808,
            -1.87163644,
            -0.65284885,
            -2.75935806,
            -3.70761812,
            -3.34189521,
            -2.80379554,
            -1.94565607,
            10.20523948,
            -2.5676667,
            -4.91659537,
            -8.87867873,
            -9.08253098,
            -7.86708414,
            -8.11366824,
            -6.29536417,
            -8.32632305,
            -13.32304199,
            -17.69382015,
            -7.56847658,
            -8.19099326,
            -8.28439331,
            -7.31815597,
            -8.288971,
            -3.4511933,
            -7.63744229,
            -12.74151543,
            -13.47056486,
            -9.42626001,
            -11.66913871,
            -9.78914553,
            -7.84288383,
            -5.45528805,
            -2.65382941,
            0.30860656,
            -2.29307233,
            -3.52921737,
            -3.19469432,
            -5.50014363,
            -10.26884564,
            -11.29422408,
            -14.30537449,
            -14.6452569,
            -15.49324206
        ]
    },
    "kwargs": {
        "element_types": [
            "H",
            "He",
            "Li",
            "Be",
            "B",
            "C",
            "N",
            "O",
            "F",
            "Ne",
            "Na",
            "Mg",
            "Al",
            "Si",
            "P",
            "S",
            "Cl",
            "Ar",
            "K",
            "Ca",
            "Sc",
            "Ti",
            "V",
            "Cr",
            "Mn",
            "Fe",
            "Co",
            "Ni",
            "Cu",
            "Zn",
            "Ga",
            "Ge",
            "As",
            "Se",
            "Br",
            "Kr",
            "Rb",
            "Sr",
            "Y",
            "Zr",
            "Nb",
            "Mo",
            "Tc",
            "Ru",
            "Rh",
            "Pd",
            "Ag",
            "Cd",
            "In",
            "Sn",
            "Sb",
            "Te",
            "I",
            "Xe",
            "Cs",
            "Ba",
            "La",
            "Ce",
            "Pr",
            "Nd",
            "Pm",
            "Sm",
            "Eu",
            "Gd",
            "Tb",
            "Dy",
            "Ho",
            "Er",
            "Tm",
            "Yb",
            "Lu",
            "Hf",
            "Ta",
            "W",
            "Re",
            "Os",
            "Ir",
            "Pt",
            "Au",
            "Hg",
            "Tl",
            "Pb",
            "Bi",
            "Ac",
            "Th",
            "Pa",
            "U",
            "Np",
            "Pu"
        ],
        "dim_state_embedding": null,
        "dim_state_types": null,
        "max_n": 3,
        "max_l": 3,
        "nblocks": 3,
        "rbf_type": "SphericalBessel",
        "is_intensive": false,
        "readout_type": "weighted_atom",
        "task_type": "regression",
        "cutoff": 5.0,
        "threebody_cutoff": 5.0,
        "ntargets": 1,
        "use_smooth": false,
        "use_phi": false,
        "niters_set2set": 3,
        "nlayers_set2set": 3,
        "field": "node_feat",
        "activation_type": "swish",
        "dim_edge_embedding": 64,
        "dim_node_embedding": 64,
        "dim_state_feats": null,
        "include_state": false,
        "units": 64
    }
}
